gID,gDate,gOpponent,gTeam,gOutcome,gScore,gLocation,gAttendance
1,15-Nov,Baldwin Wallace,M,Lost,"CWRU 76, Baldwin Wallace 90",H,275
2,18-Nov,Trinity (Tex.),M,Won,"CWRU 72, Trinity 71",H,0
3,19-Nov,Brockport St.,M,Lost,"CWRU 78, Brockport St. 90",H,178
4,22-Nov,at Denison,M,Lost,"CWRU 75, at Denison. 85",A,160
5,15-Nov,Ohio Northern,W,Lost,"CWRU 64, Ohio Northern. 89",H,257
6,18-Nov,at Wash. & Jeff.,W,Won,"CWRU 80, at Wash 74",A,222
7,19-Nov,"vs. La Roche @ Washington, Pa. (Washington & Jefferson College)",W,Won,"CWRU 80, vs. La Roche @ Washington, Pa. 77",A,94
8,22-Nov,Baldwin Wallace,W,Lost,"CWRU 86, Baldwin Wallace. 91",H,234
9,26-Nov,Oberlin,W,Won,"CWRU 73, Oberlin. 74",H,115
10,27-Nov,John Carroll,W,Won,"CWRU 87, John Carroll. 95",H,178
11,30-Nov,at Denison,W,Won,"CWRU 48, at Denison. 63",A,0
